{
  "capital": 991.8501255415476,
  "position": 0.0,
  "entry_price": 0.0,
  "entry_time": "",
  "last_candle": "2026-06-16 18:00:00+00:00",
  "total_trades": 1,
  "wins": 0,
  "losses": 1,
  "total_pnl": -8.14987445845236
}