{
  "capital": 977.413602713641,
  "position": 0.0,
  "entry_price": 0.0,
  "entry_time": "",
  "last_candle": "2026-06-16 13:30:00+00:00",
  "total_trades": 3,
  "wins": 1,
  "losses": 2,
  "total_pnl": -22.58639728635876
}