{
  "capital": 968.9597737087452,
  "position": 0.0,
  "entry_price": 0.0,
  "entry_time": "",
  "last_candle": "2026-06-17 15:45:00+00:00",
  "total_trades": 8,
  "wins": 2,
  "losses": 6,
  "total_pnl": -31.040226291255067,
  "last_exit_candle": ""
}