{
  "capital": 992.2117074075213,
  "position": 0.0,
  "entry_price": 0.0,
  "entry_time": "",
  "last_candle": "2026-06-16 01:45:00+00:00",
  "total_trades": 1,
  "wins": 0,
  "losses": 1,
  "total_pnl": -7.788292592478797
}