{
  "capital": 989.0156385494325,
  "position": 0.0,
  "entry_price": 0.0,
  "entry_time": "",
  "last_candle": "2026-06-17 04:15:00+00:00",
  "total_trades": 5,
  "wins": 3,
  "losses": 2,
  "total_pnl": -10.984361450567349
}