{
  "capital": 981.5785513216214,
  "position": 0.0,
  "entry_price": 0.0,
  "entry_time": "",
  "last_candle": "2026-06-17 03:45:00+00:00",
  "total_trades": 6,
  "wins": 2,
  "losses": 4,
  "total_pnl": -18.42144867837885
}