{
  "capital": 977.4484014317626,
  "position": 0.0,
  "entry_price": 0.0,
  "entry_time": "",
  "last_candle": "2026-06-16 16:45:00+00:00",
  "total_trades": 3,
  "wins": 0,
  "losses": 3,
  "total_pnl": -22.551598568237523
}