{
  "capital": 1000.7992436430902,
  "position": 0.0,
  "entry_price": 0.0,
  "entry_time": "",
  "last_candle": "2026-06-17 04:30:00+00:00",
  "total_trades": 1,
  "wins": 1,
  "losses": 0,
  "total_pnl": 0.799243643090108
}