{
  "capital": 994.4397458801559,
  "position": 0.0,
  "entry_price": 0.0,
  "entry_time": "",
  "last_candle": "2026-06-22 06:45:00+00:00",
  "total_trades": 1,
  "wins": 0,
  "losses": 1,
  "total_pnl": -5.560254119844217,
  "last_exit_candle": "",
  "consecutive_losses": 0
}