{
  "capital": 978.857158057378,
  "position": 0.0,
  "entry_price": 0.0,
  "entry_time": "",
  "last_candle": "2026-06-16 19:15:00+00:00",
  "total_trades": 4,
  "wins": 1,
  "losses": 3,
  "total_pnl": -21.142841942622226
}