{
  "capital": 971.4626354928865,
  "position": 0.0,
  "entry_price": 0.0,
  "entry_time": "",
  "last_candle": "2026-06-16 07:30:00+00:00",
  "total_trades": 2,
  "wins": 0,
  "losses": 2,
  "total_pnl": -28.537364507113125
}