{
  "capital": 982.3024166908787,
  "position": 0.0,
  "entry_price": 0.0,
  "entry_time": "",
  "last_candle": "2026-06-16 18:15:00+00:00",
  "total_trades": 4,
  "wins": 2,
  "losses": 2,
  "total_pnl": -17.697583309121114
}