{
  "capital": 985.9613942574002,
  "position": 0.0,
  "entry_price": 0.0,
  "entry_time": "",
  "last_candle": "2026-06-24 15:00:00+00:00",
  "total_trades": 2,
  "wins": 0,
  "losses": 2,
  "total_pnl": -14.03860574259977,
  "last_exit_candle": "",
  "consecutive_losses": 0
}