{
  "capital": 987.5288590645123,
  "position": 0.0,
  "entry_price": 0.0,
  "entry_time": "",
  "last_candle": "2026-06-17 05:30:00+00:00",
  "total_trades": 6,
  "wins": 3,
  "losses": 3,
  "total_pnl": -12.47114093548771
}