{
  "capital": 974.3165213922531,
  "position": 0.0,
  "entry_price": 0.0,
  "entry_time": "",
  "last_candle": "2026-06-17 10:45:00+00:00",
  "total_trades": 7,
  "wins": 3,
  "losses": 4,
  "total_pnl": -25.683478607746906
}