{
  "capital": 979.4345915373393,
  "position": 0.0,
  "entry_price": 0.0,
  "entry_time": "",
  "last_candle": "2026-06-17 05:45:00+00:00",
  "total_trades": 7,
  "wins": 2,
  "losses": 5,
  "total_pnl": -20.565408462660912
}