{
  "capital": 1008.0225550136861,
  "position": 0.0,
  "entry_price": 0.0,
  "entry_time": "",
  "last_candle": "2026-06-18 09:30:00+00:00",
  "total_trades": 2,
  "wins": 2,
  "losses": 0,
  "total_pnl": 8.022555013686087,
  "last_exit_candle": ""
}