{
  "capital": 989.4708846654778,
  "position": 0.0,
  "entry_price": 0.0,
  "entry_time": "",
  "last_candle": "2026-06-16 05:15:00+00:00",
  "total_trades": 2,
  "wins": 0,
  "losses": 2,
  "total_pnl": -10.529115334522317
}