{
  "capital": 977.9916448232138,
  "position": 0.0,
  "entry_price": 0.0,
  "entry_time": "",
  "last_candle": "2026-06-16 22:15:00+00:00",
  "total_trades": 5,
  "wins": 1,
  "losses": 4,
  "total_pnl": -22.00835517678638
}